{
  "confusion_matrix": [
    [
      24,
      5
    ],
    [
      6,
      6
    ]
  ],
  "roc": {
    "fpr": [
      0.0,
      0.034482758620689655,
      0.034482758620689655,
      0.13793103448275862,
      0.13793103448275862,
      0.1724137931034483,
      0.1724137931034483,
      0.5862068965517241,
      0.5862068965517241,
      0.6551724137931034,
      0.6551724137931034,
      0.7586206896551724,
      0.7586206896551724,
      0.8275862068965517,
      0.8275862068965517,
      0.8620689655172413,
      0.8620689655172413,
      1.0
    ],
    "tpr": [
      0.0,
      0.0,
      0.16666666666666666,
      0.16666666666666666,
      0.3333333333333333,
      0.3333333333333333,
      0.5,
      0.5,
      0.5833333333333334,
      0.5833333333333334,
      0.6666666666666666,
      0.6666666666666666,
      0.75,
      0.75,
      0.9166666666666666,
      0.9166666666666666,
      1.0,
      1.0
    ],
    "auc": 0.5660919540229885
  },
  "pr": {
    "precision": [
      0.2926829268292683,
      0.3,
      0.3076923076923077,
      0.3157894736842105,
      0.32432432432432434,
      0.3055555555555556,
      0.3142857142857143,
      0.29411764705882354,
      0.2727272727272727,
      0.28125,
      0.2903225806451613,
      0.26666666666666666,
      0.27586206896551724,
      0.2857142857142857,
      0.2962962962962963,
      0.2692307692307692,
      0.28,
      0.2916666666666667,
      0.2608695652173913,
      0.2727272727272727,
      0.2857142857142857,
      0.3,
      0.3157894736842105,
      0.3333333333333333,
      0.35294117647058826,
      0.375,
      0.4,
      0.42857142857142855,
      0.46153846153846156,
      0.5,
      0.5454545454545454,
      0.5,
      0.4444444444444444,
      0.5,
      0.42857142857142855,
      0.3333333333333333,
      0.4,
      0.5,
      0.6666666666666666,
      0.5,
      0.0,
      1.0
    ],
    "recall": [
      1.0,
      1.0,
      1.0,
      1.0,
      1.0,
      0.9166666666666666,
      0.9166666666666666,
      0.8333333333333334,
      0.75,
      0.75,
      0.75,
      0.6666666666666666,
      0.6666666666666666,
      0.6666666666666666,
      0.6666666666666666,
      0.5833333333333334,
      0.5833333333333334,
      0.5833333333333334,
      0.5,
      0.5,
      0.5,
      0.5,
      0.5,
      0.5,
      0.5,
      0.5,
      0.5,
      0.5,
      0.5,
      0.5,
      0.5,
      0.4166666666666667,
      0.3333333333333333,
      0.3333333333333333,
      0.25,
      0.16666666666666666,
      0.16666666666666666,
      0.16666666666666666,
      0.16666666666666666,
      0.08333333333333333,
      0.0,
      0.0
    ],
    "ap": 0.4126421558308022
  },
  "calibration": {
    "frac_pos": [
      0.16666666666666666,
      0.5,
      0.3333333333333333,
      0.08333333333333333,
      0.3333333333333333,
      0.75,
      0.25,
      0.5
    ],
    "mean_pred": [
      0.016272180232068043,
      0.17640516618504753,
      0.33858362910470047,
      0.4261875869294218,
      0.570513361103548,
      0.6772428895755235,
      0.7922479055253236,
      0.9577618937399521
    ]
  }
}