{
  "confusion_matrix": [
    [
      14,
      15
    ],
    [
      3,
      9
    ]
  ],
  "roc": {
    "fpr": [
      0.0,
      0.034482758620689655,
      0.10344827586206896,
      0.10344827586206896,
      0.1724137931034483,
      0.1724137931034483,
      0.2413793103448276,
      0.2413793103448276,
      0.27586206896551724,
      0.27586206896551724,
      0.41379310344827586,
      0.41379310344827586,
      0.5172413793103449,
      0.5172413793103449,
      0.8620689655172413,
      0.8620689655172413,
      0.9655172413793104,
      0.9655172413793104,
      1.0,
      1.0
    ],
    "tpr": [
      0.0,
      0.0,
      0.0,
      0.16666666666666666,
      0.16666666666666666,
      0.25,
      0.25,
      0.3333333333333333,
      0.3333333333333333,
      0.5,
      0.5,
      0.5833333333333334,
      0.5833333333333334,
      0.75,
      0.75,
      0.8333333333333334,
      0.8333333333333334,
      0.9166666666666666,
      0.9166666666666666,
      1.0
    ],
    "auc": 0.5459770114942528
  },
  "pr": {
    "precision": [
      0.2926829268292683,
      0.275,
      0.28205128205128205,
      0.2631578947368421,
      0.2702702702702703,
      0.2777777777777778,
      0.2857142857142857,
      0.2647058823529412,
      0.2727272727272727,
      0.28125,
      0.2903225806451613,
      0.3,
      0.3103448275862069,
      0.32142857142857145,
      0.3333333333333333,
      0.34615384615384615,
      0.36,
      0.375,
      0.34782608695652173,
      0.3181818181818182,
      0.3333333333333333,
      0.35,
      0.3684210526315789,
      0.3333333333333333,
      0.35294117647058826,
      0.375,
      0.4,
      0.42857142857142855,
      0.38461538461538464,
      0.3333333333333333,
      0.36363636363636365,
      0.3,
      0.3333333333333333,
      0.375,
      0.2857142857142857,
      0.3333333333333333,
      0.4,
      0.25,
      0.0,
      0.0,
      0.0,
      1.0
    ],
    "recall": [
      1.0,
      0.9166666666666666,
      0.9166666666666666,
      0.8333333333333334,
      0.8333333333333334,
      0.8333333333333334,
      0.8333333333333334,
      0.75,
      0.75,
      0.75,
      0.75,
      0.75,
      0.75,
      0.75,
      0.75,
      0.75,
      0.75,
      0.75,
      0.6666666666666666,
      0.5833333333333334,
      0.5833333333333334,
      0.5833333333333334,
      0.5833333333333334,
      0.5,
      0.5,
      0.5,
      0.5,
      0.5,
      0.4166666666666667,
      0.3333333333333333,
      0.3333333333333333,
      0.25,
      0.25,
      0.25,
      0.16666666666666666,
      0.16666666666666666,
      0.16666666666666666,
      0.08333333333333333,
      0.0,
      0.0,
      0.0,
      0.0
    ],
    "ap": 0.34612656758384275
  },
  "calibration": {
    "frac_pos": [
      0.23076923076923078,
      0.0,
      0.4,
      0.5,
      0.25,
      0.5,
      0.25,
      0.4
    ],
    "mean_pred": [
      0.050258333436571635,
      0.17082597687840462,
      0.29481849670410154,
      0.40864624083042145,
      0.5294860005378723,
      0.6881819665431976,
      0.8138056695461273,
      0.9192290902137756
    ]
  }
}