{
  "n_samples_subject_level": 41,
  "followup_col": "PCL_T3",
  "threshold_delta": -10.0,
  "class_distribution(Is_NonResponder)": {
    "0": 29,
    "1": 12
  },
  "n_text_features": 24,
  "n_baseline_scale_features": 8,
  "n_model_features_after_dummies": 32,
  "binary_models": {
    "logreg": {
      "oof": {
        "roc_auc": 0.5603448275862069,
        "auprc": 0.4158386789723864,
        "brier": 0.2544498773315149,
        "balanced_accuracy": 0.6264367816091954,
        "f1": 0.5,
        "threshold": 0.47468710486357907,
        "sensitivity": 0.6666666666666666,
        "specificity": 0.5862068965517241,
        "confusion_matrix": {
          "tn": 17,
          "fp": 12,
          "fn": 4,
          "tp": 8
        }
      }
    },
    "xgb": {
      "oof": {
        "roc_auc": 0.5114942528735632,
        "auprc": 0.3696435301698459,
        "brier": 0.31673899858379845,
        "balanced_accuracy": 0.5818965517241379,
        "f1": 0.47368421052631576,
        "threshold": 0.21253375709056854,
        "sensitivity": 0.75,
        "specificity": 0.41379310344827586,
        "confusion_matrix": {
          "tn": 12,
          "fp": 17,
          "fn": 3,
          "tp": 9
        }
      }
    }
  },
  "binary_best_by_auprc": "logreg",
  "regression_oof_r2": -0.01030883013319972
}