{
  "n_samples_subject_level": 41,
  "followup_col": "PCL_T3",
  "threshold_delta": -10.0,
  "class_distribution(Is_NonResponder)": {
    "0": 29,
    "1": 12
  },
  "n_text_features": 45,
  "n_baseline_scale_features": 8,
  "n_model_features_after_dummies": 53,
  "binary_models": {
    "logreg": {
      "oof": {
        "roc_auc": 0.5632183908045977,
        "auprc": 0.4088542770429235,
        "brier": 0.2615357482826588,
        "balanced_accuracy": 0.646551724137931,
        "f1": 0.5,
        "threshold": 0.5850144782036628,
        "sensitivity": 0.5,
        "specificity": 0.7931034482758621,
        "confusion_matrix": {
          "tn": 23,
          "fp": 6,
          "fn": 6,
          "tp": 6
        }
      }
    },
    "xgb": {
      "oof": {
        "roc_auc": 0.5574712643678161,
        "auprc": 0.3537210899532339,
        "brier": 0.2817760958588017,
        "balanced_accuracy": 0.6336206896551724,
        "f1": 0.5142857142857142,
        "threshold": 0.22046086192131042,
        "sensitivity": 0.75,
        "specificity": 0.5172413793103449,
        "confusion_matrix": {
          "tn": 15,
          "fp": 14,
          "fn": 3,
          "tp": 9
        }
      }
    }
  },
  "binary_best_by_auprc": "logreg",
  "regression_oof_r2": -0.027003347391443056
}