{
  "n_samples_subject_level": 41,
  "followup_col": "PCL_T3",
  "threshold_delta": -10.0,
  "class_distribution(Is_NonResponder)": {
    "0": 29,
    "1": 12
  },
  "n_text_features": 51,
  "n_baseline_scale_features": 8,
  "n_model_features_after_dummies": 59,
  "binary_models": {
    "logreg": {
      "oof": {
        "roc_auc": 0.5660919540229885,
        "auprc": 0.4126421558308022,
        "brier": 0.26099462013191255,
        "balanced_accuracy": 0.6637931034482758,
        "f1": 0.5217391304347826,
        "threshold": 0.5885831679998434,
        "sensitivity": 0.5,
        "specificity": 0.8275862068965517,
        "confusion_matrix": {
          "tn": 24,
          "fp": 5,
          "fn": 6,
          "tp": 6
        },
        "diagnostics": {
          "confusion_matrix": [
            [
              24,
              5
            ],
            [
              6,
              6
            ]
          ],
          "roc": {
            "fpr": [
              0.0,
              0.034482758620689655,
              0.034482758620689655,
              0.13793103448275862,
              0.13793103448275862,
              0.1724137931034483,
              0.1724137931034483,
              0.5862068965517241,
              0.5862068965517241,
              0.6551724137931034,
              0.6551724137931034,
              0.7586206896551724,
              0.7586206896551724,
              0.8275862068965517,
              0.8275862068965517,
              0.8620689655172413,
              0.8620689655172413,
              1.0
            ],
            "tpr": [
              0.0,
              0.0,
              0.16666666666666666,
              0.16666666666666666,
              0.3333333333333333,
              0.3333333333333333,
              0.5,
              0.5,
              0.5833333333333334,
              0.5833333333333334,
              0.6666666666666666,
              0.6666666666666666,
              0.75,
              0.75,
              0.9166666666666666,
              0.9166666666666666,
              1.0,
              1.0
            ],
            "auc": 0.5660919540229885
          },
          "pr": {
            "precision": [
              0.2926829268292683,
              0.3,
              0.3076923076923077,
              0.3157894736842105,
              0.32432432432432434,
              0.3055555555555556,
              0.3142857142857143,
              0.29411764705882354,
              0.2727272727272727,
              0.28125,
              0.2903225806451613,
              0.26666666666666666,
              0.27586206896551724,
              0.2857142857142857,
              0.2962962962962963,
              0.2692307692307692,
              0.28,
              0.2916666666666667,
              0.2608695652173913,
              0.2727272727272727,
              0.2857142857142857,
              0.3,
              0.3157894736842105,
              0.3333333333333333,
              0.35294117647058826,
              0.375,
              0.4,
              0.42857142857142855,
              0.46153846153846156,
              0.5,
              0.5454545454545454,
              0.5,
              0.4444444444444444,
              0.5,
              0.42857142857142855,
              0.3333333333333333,
              0.4,
              0.5,
              0.6666666666666666,
              0.5,
              0.0,
              1.0
            ],
            "recall": [
              1.0,
              1.0,
              1.0,
              1.0,
              1.0,
              0.9166666666666666,
              0.9166666666666666,
              0.8333333333333334,
              0.75,
              0.75,
              0.75,
              0.6666666666666666,
              0.6666666666666666,
              0.6666666666666666,
              0.6666666666666666,
              0.5833333333333334,
              0.5833333333333334,
              0.5833333333333334,
              0.5,
              0.5,
              0.5,
              0.5,
              0.5,
              0.5,
              0.5,
              0.5,
              0.5,
              0.5,
              0.5,
              0.5,
              0.5,
              0.4166666666666667,
              0.3333333333333333,
              0.3333333333333333,
              0.25,
              0.16666666666666666,
              0.16666666666666666,
              0.16666666666666666,
              0.16666666666666666,
              0.08333333333333333,
              0.0,
              0.0
            ],
            "ap": 0.4126421558308022
          },
          "calibration": {
            "frac_pos": [
              0.16666666666666666,
              0.5,
              0.3333333333333333,
              0.08333333333333333,
              0.3333333333333333,
              0.75,
              0.25,
              0.5
            ],
            "mean_pred": [
              0.016272180232068043,
              0.17640516618504753,
              0.33858362910470047,
              0.4261875869294218,
              0.570513361103548,
              0.6772428895755235,
              0.7922479055253236,
              0.9577618937399521
            ]
          }
        }
      }
    },
    "xgb": {
      "oof": {
        "roc_auc": 0.5459770114942528,
        "auprc": 0.34612656758384275,
        "brier": 0.2936782593341559,
        "balanced_accuracy": 0.6163793103448276,
        "f1": 0.5,
        "threshold": 0.25555577874183655,
        "sensitivity": 0.75,
        "specificity": 0.4827586206896552,
        "confusion_matrix": {
          "tn": 14,
          "fp": 15,
          "fn": 3,
          "tp": 9
        },
        "diagnostics": {
          "confusion_matrix": [
            [
              14,
              15
            ],
            [
              3,
              9
            ]
          ],
          "roc": {
            "fpr": [
              0.0,
              0.034482758620689655,
              0.10344827586206896,
              0.10344827586206896,
              0.1724137931034483,
              0.1724137931034483,
              0.2413793103448276,
              0.2413793103448276,
              0.27586206896551724,
              0.27586206896551724,
              0.41379310344827586,
              0.41379310344827586,
              0.5172413793103449,
              0.5172413793103449,
              0.8620689655172413,
              0.8620689655172413,
              0.9655172413793104,
              0.9655172413793104,
              1.0,
              1.0
            ],
            "tpr": [
              0.0,
              0.0,
              0.0,
              0.16666666666666666,
              0.16666666666666666,
              0.25,
              0.25,
              0.3333333333333333,
              0.3333333333333333,
              0.5,
              0.5,
              0.5833333333333334,
              0.5833333333333334,
              0.75,
              0.75,
              0.8333333333333334,
              0.8333333333333334,
              0.9166666666666666,
              0.9166666666666666,
              1.0
            ],
            "auc": 0.5459770114942528
          },