Cluster_Label,Advanced_dissociation_index_mean,Advanced_dissociation_index_max,Advanced_reflection_max,VAM_index_calculate_slope,reflection_calculate_slope,coherence_mean,SUDS_ARIMA_ar1,SUDS_GARCH_sigma2_mean,SUDS_GARCH_sigma2_max
0,0.36943333333333334,0.396,3.0,0.0020000000000001327,7.918555738347898e-17,2.9899999999999998,-0.0037234949998538854,6.183437534906521,7.8125
1,0.5485,0.7400000000000001,3.0,0.06000000000000005,0.08181818181818179,2.9318181818181817,0.38814601232137136,153.27326063484227,231.61527333323954
2,0.37855000000000005,0.585,2.7,-0.0020000000000001267,-2.1674285382740718e-16,2.68,-0.8915574357921725,0.0,0.0
